20220920_093739_87,0.0,0.8936,"(2978, 2141, 3080, 2247)"
20220920_093739_87,0.0,0.8815,"(3609, 2527, 3909, 2797)"
20220920_093739_87,1.0,0.5598,"(3508, 1898, 4032, 2995)"
20220920_093739_87,1.0,0.4448,"(2948, 1766, 3678, 2423)"
20220920_093739_87,1.0,0.2767,"(0, 1614, 549, 2249)"
20220920_093520_67,0.0,0.8855,"(3449, 2356, 3670, 2543)"
20220920_093520_67,0.0,0.8852,"(2966, 2028, 3058, 2118)"
20220920_093520_67,0.0,0.7947,"(224, 1900, 398, 1954)"
20220920_093520_67,0.0,0.7314,"(1353, 1733, 1421, 1753)"
20220920_093520_67,1.0,0.7114,"(3391, 1767, 4032, 2791)"
20220920_093520_67,0.0,0.6743,"(2722, 1880, 2768, 1916)"
20220920_093520_67,0.0,0.5342,"(2540, 1811, 2568, 1842)"
20220920_093520_67,1.0,0.4445,"(39, 1646, 946, 2192)"
20220920_093520_67,1.0,0.4334,"(2949, 1611, 3650, 2248)"
20220920_093520_67,1.0,0.3937,"(1302, 1572, 1559, 1791)"
20220920_092655_87,0.0,0.8819,"(1964, 2041, 2120, 2116)"
20220920_092655_87,0.0,0.8452,"(1414, 1969, 1509, 2025)"
20220920_092655_87,0.0,0.8359,"(986, 1910, 1058, 1959)"
20220920_092655_87,0.0,0.7564,"(779, 1846, 824, 1884)"
20220920_092655_87,0.0,0.5335,"(636, 1811, 675, 1845)"
20220920_092655_87,1.0,0.4719,"(777, 1728, 989, 1944)"
20220920_092655_87,1.0,0.4531,"(1877, 1591, 2822, 2219)"
20220920_092655_87,1.0,0.4371,"(1387, 1654, 1920, 2123)"
20220920_092655_87,1.0,0.3426,"(973, 1708, 1443, 2040)"
20220920_092655_87,1.0,0.2793,"(637, 1706, 816, 1888)"
20220920_092655_87,0.0,0.2779,"(1412, 1971, 1443, 2039)"
20220915_172621_29,0.0,0.8446,"(2809, 1895, 2898, 1949)"
20220915_172621_29,1.0,0.4448,"(2772, 1734, 3267, 2060)"
20221117_133914_11,0.0,0.8933,"(776, 2143, 926, 2267)"
20221117_133914_11,0.0,0.7712,"(1285, 1879, 1350, 1937)"
20221117_133914_11,0.0,0.7104,"(2840, 1689, 2907, 1711)"
20221117_133914_11,0.0,0.6874,"(2803, 1826, 2843, 1867)"
20221117_133914_11,0.0,0.6622,"(2556, 1709, 2624, 1729)"
20221117_133914_11,0.0,0.5772,"(1525, 1795, 1556, 1831)"
20221117_133914_11,1.0,0.4595,"(110, 1895, 979, 2450)"
20221117_133914_11,1.0,0.2999,"(2463, 1643, 2678, 1777)"
20220915_171316_19,0.0,0.9018,"(614, 2144, 761, 2277)"
20220915_171316_19,0.0,0.8863,"(2817, 2116, 2934, 2229)"
20220915_171316_19,1.0,0.4668,"(6, 1870, 817, 2552)"
20220915_171316_19,1.0,0.4539,"(2780, 1791, 3603, 2456)"
20221117_134756_41,0.0,0.9038,"(1805, 1971, 1891, 2046)"
20221117_134756_41,0.0,0.8846,"(1234, 2131, 1408, 2258)"
20221117_134756_41,0.0,0.708,"(2119, 1833, 2163, 1874)"
20221117_134756_41,0.0,0.5943,"(1, 2682, 106, 2841)"
20221117_134756_41,1.0,0.4457,"(1452, 1773, 1921, 2165)"
20221117_134756_41,1.0,0.2647,"(0, 2095, 435, 2906)"
20221117_134756_41,1.0,0.2505,"(1897, 1714, 2172, 1956)"
20220915_172636_29,0.0,0.3699,"(1611, 1638, 1668, 1660)"
20220920_094408_47,0.0,0.9055,"(3285, 2344, 3465, 2514)"
20220920_094408_47,0.0,0.8352,"(652, 1926, 781, 1961)"
20220920_094408_47,1.0,0.4728,"(3229, 1830, 4030, 2780)"
20220920_094408_47,1.0,0.4478,"(597, 1632, 1083, 2033)"
20220915_172606_39,0.0,0.6924,"(3742, 1754, 3826, 1781)"
20220915_172606_39,1.0,0.3108,"(3552, 1649, 3886, 1828)"
20220915_172606_39,0.0,0.3093,"(1786, 1765, 1818, 1822)"
20220915_171243_39,0.0,0.892,"(1085, 1969, 1157, 2038)"
20220915_171243_39,0.0,0.8731,"(3007, 1963, 3090, 2038)"
20220915_171243_39,0.0,0.8036,"(3698, 2364, 3949, 2552)"
20220915_171243_39,0.0,0.7503,"(2766, 1859, 2814, 1906)"
20220915_171243_39,0.0,0.5427,"(2530, 1787, 2563, 1822)"
20220915_171243_39,1.0,0.4418,"(853, 1766, 1173, 2149)"
20220915_171243_39,1.0,0.4408,"(2989, 1802, 3601, 2167)"
20220915_171243_39,1.0,0.4205,"(3580, 2035, 4030, 2690)"
20220915_171243_39,1.0,0.3173,"(2755, 1738, 3041, 1985)"
20220920_092658_47,0.0,0.8847,"(2626, 2162, 2797, 2281)"
20220920_092658_47,0.0,0.8837,"(2060, 1981, 2140, 2055)"
20220920_092658_47,0.0,0.8266,"(3835, 2539, 4032, 2702)"
20220920_092658_47,0.0,0.798,"(1846, 1864, 1894, 1910)"
20220920_092658_47,0.0,0.5914,"(1730, 1811, 1759, 1844)"
20220920_092658_47,0.0,0.5496,"(336, 1891, 371, 1936)"
20220920_092658_47,0.0,0.4799,"(300, 1980, 348, 2037)"
20220920_092658_47,1.0,0.4251,"(2039, 1760, 2618, 2186)"
20220920_092658_47,1.0,0.4212,"(2574, 1771, 3618, 2486)"
20220920_092658_47,0.0,0.3495,"(963, 1649, 1026, 1670)"
20220920_092658_47,1.0,0.3404,"(3538, 1837, 4032, 2843)"
20220920_092658_47,1.0,0.3213,"(1839, 1731, 2106, 1982)"
20220920_092658_47,1.0,0.2876,"(342, 1711, 606, 1939)"
20220920_092658_47,1.0,0.2595,"(174, 1787, 369, 2098)"
20220920_093557_47,0.0,0.8766,"(1248, 1898, 1354, 1941)"
20220920_093557_47,0.0,0.8683,"(3798, 2165, 3912, 2280)"
20220920_093557_47,0.0,0.8633,"(2632, 2006, 2811, 2058)"
20220920_093557_47,0.0,0.842,"(871, 1854, 956, 1893)"
20220920_093557_47,0.0,0.8387,"(1942, 1949, 2084, 1996)"
20220920_093557_47,0.0,0.5982,"(547, 1824, 619, 1855)"
20220920_093557_47,1.0,0.4651,"(512, 1663, 866, 1912)"
20220920_093557_47,1.0,0.4567,"(2449, 1630, 3044, 2130)"
20220920_093557_47,1.0,0.4159,"(1852, 1557, 2422, 2030)"
20220920_093557_47,1.0,0.4144,"(844, 1673, 1193, 1953)"
20220920_093557_47,1.0,0.4065,"(3765, 1937, 4031, 2450)"
20220920_093557_47,1.0,0.4057,"(1193, 1603, 1604, 2000)"
20220915_172720_79,0.0,0.8842,"(2764, 1910, 2862, 1957)"
20220915_172720_79,0.0,0.8111,"(3179, 1860, 3260, 1905)"
20220915_172720_79,1.0,0.4512,"(2485, 1746, 2893, 2039)"
20220915_172720_79,1.0,0.3619,"(2953, 1712, 3281, 1954)"
20220915_172720_79,1.0,0.3163,"(1, 1882, 582, 2504)"
20220915_172641_79,0.0,0.7921,"(1199, 1729, 1297, 1762)"
20220915_172641_79,1.0,0.3853,"(1134, 1662, 1497, 1883)"
20220915_172641_79,0.0,0.3812,"(3246, 1801, 3338, 1869)"
20220915_172641_79,0.0,0.3507,"(2939, 1753, 3002, 1789)"
20220915_172641_79,1.0,0.2595,"(3186, 1534, 3655, 2026)"
20220920_094455_97,0.0,0.8807,"(2749, 2043, 2866, 2130)"
20220920_094455_97,0.0,0.8765,"(3521, 2365, 3824, 2554)"
20220920_094455_97,0.0,0.8202,"(474, 1813, 583, 1843)"
20220920_094455_97,0.0,0.8119,"(2388, 1859, 2445, 1906)"
20220920_094455_97,0.0,0.5407,"(2140, 1802, 2182, 1843)"
20220920_094455_97,1.0,0.4394,"(379, 1667, 806, 1905)"
20220920_094455_97,1.0,0.432,"(2713, 1751, 3524, 2306)"
20220920_094455_97,1.0,0.4221,"(3391, 1797, 4031, 2703)"
20220920_094455_97,1.0,0.4141,"(2371, 1713, 2525, 1974)"
20220920_093539_37,0.0,0.8488,"(712, 2117, 818, 2218)"
20220920_093539_37,0.0,0.8352,"(1182, 1881, 1230, 1933)"
20220920_093539_37,0.0,0.5954,"(1353, 1782, 1381, 1816)"
20220920_093539_37,1.0,0.4551,"(51, 1869, 856, 2411)"
20220920_093539_37,1.0,0.4101,"(802, 1756, 1241, 2040)"
20220915_172739_29,0.0,0.8837,"(814, 2017, 922, 2097)"
20220915_172739_29,0.0,0.8593,"(1175, 1882, 1240, 1943)"
20220915_172739_29,0.0,0.858,"(274, 2260, 491, 2417)"
20220915_172739_29,0.0,0.8446,"(3281, 2287, 3491, 2482)"
20220915_172739_29,0.0,0.719,"(2741, 1885, 2789, 1935)"
20220915_172739_29,1.0,0.4651,"(0, 1916, 571, 2608)"
20220915_172739_29,1.0,0.4566,"(509, 1831, 958, 2202)"
20220915_172739_29,1.0,0.4271,"(3212, 1890, 4032, 2777)"
20220915_172739_29,1.0,0.394,"(2733, 1709, 3135, 2054)"
20220915_172739_29,1.0,0.3674,"(918, 1769, 1258, 2017)"
20220915_172739_29,0.0,0.3377,"(1512, 1785, 1549, 1816)"
20220920_092828_47,0.0,0.8644,"(1075, 1926, 1209, 1963)"
20220920_092828_47,1.0,0.4617,"(1000, 1615, 1510, 2033)"
20221117_134801_41,0.0,0.9051,"(975, 2055, 1080, 2138)"
20221117_134801_41,0.0,0.7261,"(303, 2395, 504, 2572)"
20221117_134801_41,0.0,0.6978,"(1323, 1927, 1385, 1986)"
20221117_134801_41,0.0,0.5785,"(1617, 1824, 1655, 1861)"
20221117_134801_41,1.0,0.45,"(725, 1835, 1102, 2236)"
20221117_134801_41,0.0,0.3964,"(3387, 1695, 3426, 1712)"
20221117_134801_41,1.0,0.3906,"(1078, 1792, 1401, 2077)"
20221117_134801_41,1.0,0.2563,"(1, 2016, 554, 2746)"
20221117_134604_41,0.0,0.8857,"(718, 2130, 863, 2244)"
20221117_134604_41,0.0,0.7437,"(1343, 1901, 1398, 1957)"
20221117_134604_41,0.0,0.5393,"(2441, 1682, 2497, 1701)"
20221117_134604_41,1.0,0.4612,"(177, 1920, 920, 2414)"
20221117_134604_41,1.0,0.2659,"(1202, 1766, 1406, 2029)"
20221117_134708_31,0.0,0.8473,"(1271, 1930, 1350, 1995)"
20221117_134708_31,0.0,0.7914,"(804, 2082, 948, 2188)"
20221117_134708_31,0.0,0.7706,"(0, 2509, 146, 2669)"
20221117_134708_31,0.0,0.5664,"(3553, 1677, 3606, 1697)"
20221117_134708_31,0.0,0.5208,"(2571, 1667, 2628, 1685)"
20221117_134708_31,1.0,0.4499,"(250, 1816, 989, 2339)"
20221117_134708_31,1.0,0.4178,"(961, 1769, 1364, 2099)"
20221117_134708_31,1.0,0.2888,"(0, 2056, 295, 2769)"
20220915_172513_99,0.0,0.8979,"(766, 2081, 893, 2190)"
20220915_172513_99,0.0,0.6454,"(1133, 1892, 1193, 1960)"
20220915_172513_99,1.0,0.472,"(206, 1860, 932, 2365)"
20220915_172016_19,0.0,0.8489,"(363, 2383, 646, 2478)"
20220915_172016_19,1.0,0.4704,"(173, 1788, 1107, 2567)"
20220915_172836_69,0.0,0.8513,"(3518, 1890, 3654, 1973)"
20220915_172836_69,0.0,0.7487,"(952, 1763, 1075, 1803)"
20220915_172836_69,1.0,0.4344,"(858, 1622, 1345, 1950)"
20220915_172836_69,1.0,0.4343,"(3399, 1547, 4026, 2195)"
20220915_172836_69,0.0,0.3835,"(1508, 1653, 1579, 1674)"
20221117_133909_71,0.0,0.8871,"(575, 2159, 747, 2282)"
20221117_133909_71,0.0,0.8856,"(1140, 1966, 1232, 2043)"
20221117_133909_71,0.0,0.6809,"(1553, 1826, 1599, 1871)"
20221117_133909_71,1.0,0.4548,"(779, 1796, 1256, 2160)"
20221117_133909_71,1.0,0.4156,"(2, 1853, 806, 2454)"
20221117_133909_71,0.0,0.4103,"(2524, 1663, 2578, 1682)"
20221117_133909_71,0.0,0.3995,"(3510, 1669, 3564, 1685)"
20221117_133909_71,1.0,0.2787,"(1251, 1727, 1605, 1954)"
20220920_092702_27,0.0,0.8736,"(2717, 1946, 2783, 2014)"
20220920_092702_27,0.0,0.872,"(3039, 2129, 3165, 2242)"
20220920_092702_27,0.0,0.8687,"(888, 1971, 962, 2036)"
20220920_092702_27,0.0,0.8606,"(598, 2172, 732, 2293)"
20220920_092702_27,0.0,0.7361,"(2493, 1839, 2531, 1884)"
20220920_092702_27,0.0,0.6404,"(1259, 1855, 1299, 1901)"
20220920_092702_27,0.0,0.6268,"(3920, 2677, 4032, 2856)"
20220920_092702_27,0.0,0.6172,"(1634, 1657, 1686, 1678)"
20220920_092702_27,1.0,0.4234,"(250, 1853, 762, 2427)"
20220920_092702_27,1.0,0.4157,"(3005, 1849, 4003, 2470)"
20220920_092702_27,1.0,0.3843,"(704, 1793, 989, 2140)"
20220920_092702_27,1.0,0.3714,"(2699, 1789, 3073, 2113)"
20220920_092702_27,1.0,0.3138,"(2327, 1655, 2525, 1823)"
20220920_092702_27,1.0,0.3124,"(1603, 1575, 1796, 1758)"
20220920_092702_27,1.0,0.2981,"(2489, 1682, 2767, 1964)"
20220920_092702_27,1.0,0.2569,"(976, 1715, 1312, 2008)"
20220915_172551_39,0.0,0.9031,"(997, 2007, 1089, 2090)"
20220915_172551_39,0.0,0.6243,"(1468, 1794, 1506, 1834)"
20220915_172551_39,1.0,0.448,"(495, 1829, 1115, 2223)"
20220915_172017_29,0.0,0.8712,"(830, 2138, 1078, 2221)"
20220915_172017_29,1.0,0.4696,"(606, 1708, 1304, 2296)"
20220920_094459_37,0.0,0.8866,"(3401, 2159, 3582, 2291)"
20220920_094459_37,0.0,0.8545,"(2796, 1961, 2868, 2031)"
20220920_094459_37,0.0,0.8488,"(505, 1906, 639, 1944)"
20220920_094459_37,0.0,0.7749,"(1, 1923, 52, 1958)"
20220920_094459_37,0.0,0.7464,"(2534, 1860, 2578, 1905)"
20220920_094459_37,1.0,0.4648,"(1, 1655, 415, 2026)"
20220920_094459_37,1.0,0.4524,"(3336, 1749, 3974, 2432)"
20220920_094459_37,1.0,0.4509,"(424, 1608, 1154, 2030)"
20220920_094459_37,1.0,0.4014,"(2772, 1740, 3384, 2185)"
20220920_094459_37,1.0,0.3398,"(2524, 1702, 2810, 1985)"
20220920_092642_27,0.0,0.8859,"(3359, 2124, 3471, 2235)"
20220920_092642_27,0.0,0.8802,"(2272, 2006, 2442, 2053)"
20220920_092642_27,0.0,0.8736,"(775, 1944, 893, 1988)"
20220920_092642_27,0.0,0.8274,"(329, 1903, 431, 1945)"
20220920_092642_27,0.0,0.6596,"(3902, 2567, 4031, 2755)"
20220920_092642_27,0.0,0.6477,"(1562, 1976, 1710, 2021)"
20220920_092642_27,1.0,0.4585,"(1453, 1556, 2064, 2054)"
20220920_092642_27,1.0,0.4426,"(2090, 1618, 2658, 2121)"
20220920_092642_27,1.0,0.4416,"(699, 1612, 1171, 2052)"
20220920_092642_27,1.0,0.4267,"(3319, 1815, 4019, 2442)"
20220920_092642_27,0.0,0.3516,"(0, 1873, 30, 1907)"
20220920_092642_27,1.0,0.3338,"(299, 1682, 738, 2008)"
20220915_171144_29,0.0,0.8782,"(3096, 1799, 3243, 1843)"
20220915_171144_29,1.0,0.4599,"(2817, 1611, 3369, 2048)"
20220915_171144_29,0.0,0.3997,"(1035, 1701, 1087, 1738)"
20220915_172700_29,0.0,0.7942,"(3659, 1669, 3700, 1688)"
20220915_172700_29,1.0,0.3016,"(3642, 1605, 3812, 1723)"
20220920_092623_87,0.0,0.8676,"(733, 2008, 799, 2081)"
20220920_092623_87,0.0,0.7299,"(1032, 1839, 1070, 1884)"
20220920_092623_87,1.0,0.453,"(162, 1783, 820, 2249)"
20220920_092623_87,1.0,0.2988,"(781, 1746, 1077, 1971)"
20220920_094604_27,0.0,0.8853,"(1987, 1881, 2107, 1918)"
20220920_094604_27,0.0,0.8806,"(773, 1859, 881, 1895)"
20220920_094604_27,0.0,0.8618,"(3605, 2632, 3869, 2926)"
20220920_094604_27,0.0,0.7971,"(1433, 1871, 1550, 1909)"
20220920_094604_27,0.0,0.708,"(2712, 1938, 2756, 1997)"
20220920_094604_27,0.0,0.6975,"(2858, 2140, 2929, 2234)"
20220920_094604_27,0.0,0.6829,"(350, 1836, 455, 1871)"
20220920_094604_27,0.0,0.4695,"(1, 1815, 55, 1852)"
20220920_094604_27,1.0,0.4527,"(1341, 1556, 1826, 1943)"
20220920_094604_27,1.0,0.4273,"(699, 1594, 1112, 1949)"
20220920_094604_27,1.0,0.3976,"(1844, 1608, 2278, 1971)"
20220920_094604_27,1.0,0.3906,"(314, 1637, 706, 1922)"
20220920_094604_27,1.0,0.3667,"(3539, 2087, 4032, 3024)"
20220920_094604_27,1.0,0.3326,"(2849, 1667, 4002, 2540)"
20221117_134421_01,0.0,0.9004,"(896, 2124, 1023, 2241)"
20221117_134421_01,0.0,0.789,"(1476, 1794, 1513, 1840)"
20221117_134421_01,0.0,0.6998,"(0, 2504, 187, 2703)"
20221117_134421_01,0.0,0.6604,"(1343, 1886, 1395, 1946)"
20221117_134421_01,1.0,0.4581,"(301, 1870, 1068, 2434)"
20221117_134421_01,1.0,0.4093,"(1021, 1729, 1412, 2051)"
20221117_134421_01,1.0,0.3542,"(1, 1992, 362, 2900)"
20221117_134421_01,1.0,0.3474,"(1293, 1682, 1513, 1849)"
20221117_134421_01,0.0,0.2508,"(1588, 1752, 1632, 1787)"
20220920_094358_47,0.0,0.8914,"(2675, 2043, 2778, 2140)"
20220920_094358_47,0.0,0.8826,"(3096, 2343, 3348, 2555)"
20220920_094358_47,0.0,0.7837,"(1, 2012, 141, 2057)"
20220920_094358_47,0.0,0.7227,"(836, 1686, 931, 1715)"
20220920_094358_47,0.0,0.6177,"(2166, 1851, 2200, 1904)"
20220920_094358_47,1.0,0.4344,"(0, 1639, 516, 2132)"
20220920_094358_47,1.0,0.4284,"(2657, 1761, 3156, 2278)"
20220920_094358_47,1.0,0.4151,"(2979, 1674, 4032, 2899)"
20220920_094358_47,1.0,0.3893,"(821, 1578, 1087, 1830)"
20220920_094358_47,1.0,0.3245,"(2166, 1681, 2441, 1997)"
20220920_094358_47,0.0,0.2827,"(820, 1783, 949, 1817)"
20221117_134431_11,0.0,0.8969,"(981, 2112, 1110, 2233)"
20221117_134431_11,0.0,0.7305,"(1461, 1912, 1506, 1969)"
20221117_134431_11,0.0,0.6855,"(3174, 1739, 3257, 1764)"
20221117_134431_11,1.0,0.463,"(383, 1857, 1146, 2399)"
20221117_134431_11,0.0,0.4183,"(2812, 1765, 2892, 1789)"
20221117_134431_11,1.0,0.3352,"(2998, 1653, 3328, 1853)"
20221117_134431_11,1.0,0.3292,"(1158, 1746, 1516, 2088)"
20221117_134431_11,1.0,0.3146,"(2658, 1660, 2966, 1839)"
20221117_134431_11,0.0,0.2558,"(2815, 1758, 2894, 1781)"
20220915_172926_29,0.0,0.876,"(2855, 2158, 2940, 2278)"
20220915_172926_29,0.0,0.8304,"(2269, 1680, 2345, 1705)"
20220915_172926_29,0.0,0.7084,"(3576, 2686, 3804, 3001)"
20220915_172926_29,1.0,0.4414,"(2831, 1918, 3482, 2514)"
20220915_172926_29,1.0,0.4321,"(2203, 1584, 2497, 1794)"
20220915_172926_29,0.0,0.3618,"(2583, 1863, 2614, 1911)"
20220915_172926_29,1.0,0.2918,"(3397, 2058, 4031, 3030)"
20220915_172926_29,1.0,0.2603,"(2579, 1700, 2883, 2033)"
20220920_092821_77,0.0,0.8649,"(2779, 2087, 2918, 2189)"
20220920_092821_77,0.0,0.8131,"(2381, 1912, 2447, 1966)"
20220920_092821_77,0.0,0.7599,"(652, 1796, 748, 1821)"
20220920_092821_77,0.0,0.6112,"(2131, 1837, 2170, 1873)"
20220920_092821_77,1.0,0.4486,"(2737, 1591, 4020, 2337)"
20220920_092821_77,1.0,0.4342,"(579, 1601, 930, 1875)"
20220920_092821_77,1.0,0.3899,"(2362, 1766, 2512, 2007)"
20220920_092821_77,1.0,0.2745,"(2120, 1695, 2517, 1967)"
20220915_172611_49,0.0,0.8928,"(442, 2195, 584, 2340)"
20220915_172611_49,0.0,0.7364,"(3949, 1882, 4028, 1922)"
20220915_172611_49,1.0,0.4625,"(1, 1858, 639, 2577)"
20220915_172611_49,1.0,0.3178,"(3635, 1738, 4032, 1981)"
20220920_092904_77,0.0,0.881,"(3402, 2043, 3524, 2132)"
20220920_092904_77,0.0,0.8556,"(2997, 1906, 3066, 1964)"
20220920_092904_77,0.0,0.8407,"(822, 1918, 960, 1957)"
20220920_092904_77,0.0,0.8072,"(231, 1925, 346, 1964)"
20220920_092904_77,0.0,0.6233,"(2813, 1845, 2852, 1884)"
20220920_092904_77,1.0,0.4508,"(728, 1605, 1459, 2044)"
20220920_092904_77,1.0,0.4403,"(162, 1700, 716, 2036)"
20220920_092904_77,1.0,0.4198,"(2994, 1720, 3387, 2065)"
20220920_092904_77,1.0,0.419,"(3359, 1780, 4030, 2322)"
20220920_092904_77,0.0,0.3691,"(2999, 1899, 3026, 1946)"
20220920_092714_27,0.0,0.9035,"(3295, 2102, 3429, 2208)"
20220920_092714_27,0.0,0.8696,"(1235, 1916, 1294, 1981)"
20220920_092714_27,0.0,0.8175,"(2741, 1927, 2794, 1982)"
20220920_092714_27,0.0,0.7851,"(2548, 1829, 2587, 1868)"
20220920_092714_27,0.0,0.783,"(3739, 2524, 4032, 2804)"
20220920_092714_27,0.0,0.6968,"(791, 2107, 911, 2210)"
20220920_092714_27,1.0,0.5188,"(2543, 1703, 2788, 1933)"
20220920_092714_27,1.0,0.4485,"(543, 1799, 942, 2286)"
20220920_092714_27,1.0,0.4154,"(896, 1692, 1311, 2100)"
20220920_092714_27,1.0,0.4001,"(3651, 2030, 4032, 2914)"
20220920_092714_27,0.0,0.3949,"(2127, 1645, 2173, 1660)"
20220920_092714_27,1.0,0.3878,"(3274, 1702, 3977, 2365)"
20220920_092714_27,1.0,0.3581,"(2725, 1732, 3328, 2141)"
20220915_171909_69,0.0,0.8987,"(2937, 2047, 3089, 2151)"
20220915_171909_69,0.0,0.8822,"(3566, 2385, 3904, 2592)"
20220915_171909_69,1.0,0.4547,"(3366, 1936, 4029, 2754)"
20220915_171909_69,1.0,0.4281,"(2903, 1800, 3471, 2258)"
20221117_134433_21,0.0,0.8505,"(1037, 2133, 1154, 2258)"
20221117_134433_21,0.0,0.7882,"(3018, 1820, 3116, 1849)"
20221117_134433_21,0.0,0.6171,"(3476, 1789, 3575, 1817)"
20221117_134433_21,1.0,0.4434,"(282, 1812, 1189, 2465)"
20221117_134433_21,1.0,0.3796,"(3249, 1682, 3652, 1912)"
20221117_134433_21,1.0,0.359,"(2800, 1698, 3200, 1908)"
20221117_134433_21,0.0,0.3396,"(3780, 1814, 3837, 1856)"
20220915_171204_39,0.0,0.8456,"(1559, 1761, 1640, 1787)"
20220915_171204_39,1.0,0.4353,"(1477, 1650, 1771, 1827)"
20221117_134759_91,0.0,0.8917,"(1125, 2053, 1231, 2143)"
20221117_134759_91,0.0,0.7557,"(0, 2588, 270, 2828)"
20221117_134759_91,0.0,0.4946,"(1618, 1813, 1669, 1860)"
20221117_134759_91,1.0,0.4589,"(488, 1842, 1266, 2303)"
20221117_134759_91,1.0,0.4052,"(1410, 1717, 1682, 1930)"
20221117_134759_91,1.0,0.2741,"(0, 2075, 427, 2893)"
20220915_171950_39,0.0,0.897,"(1038, 2008, 1125, 2090)"
20220915_171950_39,0.0,0.7609,"(2677, 1873, 2724, 1924)"
20220915_171950_39,0.0,0.5222,"(1482, 1861, 1527, 1910)"
20220915_171950_39,1.0,0.4581,"(835, 1824, 1156, 2213)"
20220915_171950_39,1.0,0.3992,"(1159, 1729, 1540, 2037)"
20220915_171950_39,1.0,0.3427,"(2669, 1694, 3006, 2025)"
20220920_092843_77,0.0,0.9055,"(990, 2046, 1103, 2146)"
20220920_092843_77,0.0,0.9035,"(485, 2366, 720, 2580)"
20220920_092843_77,0.0,0.8449,"(1379, 1901, 1436, 1964)"
20220920_092843_77,0.0,0.5899,"(1626, 1786, 1658, 1821)"
20220920_092843_77,1.0,0.5892,"(609, 1723, 1135, 2276)"
20220920_092843_77,1.0,0.4313,"(0, 1913, 789, 2896)"
20220920_092843_77,1.0,0.3851,"(1091, 1706, 1452, 2071)"
20220920_092847_67,0.0,0.8944,"(1001, 2136, 1121, 2253)"
20220920_092847_67,0.0,0.8667,"(1341, 1967, 1404, 2038)"
20220920_092847_67,0.0,0.6662,"(1969, 1708, 2031, 1728)"
20220920_092847_67,0.0,0.5358,"(1413, 1852, 1451, 1899)"
20220920_092847_67,1.0,0.4398,"(476, 1837, 1162, 2466)"
20220920_092847_67,1.0,0.4171,"(1103, 1729, 1447, 2134)"
20220920_092847_67,0.0,0.4085,"(1685, 1707, 1747, 1727)"
20220920_092847_67,1.0,0.3138,"(1624, 1553, 1843, 1753)"
20220920_092847_67,0.0,0.2786,"(2428, 1797, 2450, 1824)"
20220920_092847_67,1.0,0.2743,"(1888, 1584, 2116, 1760)"
20221117_134757_31,0.0,0.8985,"(1455, 2043, 1560, 2137)"
20221117_134757_31,0.0,0.8773,"(628, 2296, 891, 2477)"
20221117_134757_31,0.0,0.8065,"(1846, 1860, 1900, 1912)"
20221117_134757_31,1.0,0.4633,"(982, 1830, 1598, 2292)"
20221117_134757_31,1.0,0.3276,"(2, 1910, 1025, 2757)"
20221117_134757_31,1.0,0.297,"(1562, 1721, 1916, 2006)"
20220920_094438_27,0.0,0.8779,"(709, 2048, 853, 2142)"
20220920_094438_27,0.0,0.8545,"(1296, 1858, 1358, 1909)"
20220920_094438_27,0.0,0.8162,"(0, 2294, 203, 2448)"
20220920_094438_27,0.0,0.8098,"(1329, 1859, 1360, 1893)"
20220920_094438_27,0.0,0.7687,"(1487, 1802, 1532, 1842)"
20220920_094438_27,0.0,0.5988,"(1954, 1749, 2047, 1777)"
20220920_094438_27,1.0,0.4579,"(248, 1706, 911, 2288)"
20220920_094438_27,0.0,0.3846,"(1544, 1749, 1573, 1775)"
20220920_094438_27,1.0,0.3606,"(1046, 1646, 1364, 2014)"
20220920_094438_27,1.0,0.3477,"(0, 1882, 313, 2545)"
20220920_094438_27,1.0,0.3106,"(1330, 1655, 1564, 1893)"
20220920_094438_27,1.0,0.3049,"(1807, 1507, 2157, 1833)"
20221117_133904_81,0.0,0.8851,"(1022, 2026, 1139, 2117)"
20221117_133904_81,0.0,0.8446,"(1450, 1847, 1504, 1898)"
20221117_133904_81,0.0,0.7819,"(180, 2264, 438, 2432)"
20221117_133904_81,0.0,0.6619,"(1595, 1767, 1634, 1810)"
20221117_133904_81,1.0,0.4606,"(543, 1803, 1185, 2270)"
20221117_133904_81,0.0,0.4245,"(1724, 1731, 1761, 1764)"
20221117_133904_81,1.0,0.3783,"(1156, 1717, 1515, 1992)"
20221117_133904_81,1.0,0.3685,"(0, 1884, 574, 2635)"
20220915_171103_69,0.0,0.8901,"(1117, 2108, 1230, 2217)"
20220915_171103_69,0.0,0.8844,"(3230, 2108, 3358, 2235)"
20220915_171103_69,0.0,0.761,"(1393, 1896, 1452, 1957)"
20220915_171103_69,1.0,0.4667,"(3187, 1848, 4027, 2530)"
20220915_171103_69,1.0,0.4633,"(566, 1797, 1262, 2417)"
20220915_171103_69,1.0,0.2901,"(1223, 1750, 1460, 2027)"
20220920_094519_57,0.0,0.8774,"(1050, 2043, 1138, 2126)"
20220920_094519_57,0.0,0.8619,"(2989, 2049, 3092, 2144)"
20220920_094519_57,0.0,0.8104,"(2202, 1687, 2264, 1706)"
20220920_094519_57,0.0,0.7952,"(3738, 2434, 4027, 2666)"
20220920_094519_57,0.0,0.7911,"(1406, 1897, 1454, 1954)"
20220920_094519_57,0.0,0.785,"(2739, 1927, 2789, 1982)"
20220920_094519_57,0.0,0.7303,"(1579, 1700, 1622, 1718)"
20220920_094519_57,0.0,0.59,"(1455, 1823, 1481, 1860)"
20220920_094519_57,0.0,0.5709,"(157, 2412, 416, 2615)"
20220920_094519_57,1.0,0.4572,"(808, 1836, 1168, 2264)"
20220920_094519_57,1.0,0.4218,"(2964, 1724, 3724, 2356)"
20220920_094519_57,0.0,0.4073,"(1929, 1698, 1993, 1717)"
20220920_094519_57,0.0,0.4046,"(2470, 1699, 2532, 1716)"
20220920_094519_57,1.0,0.3897,"(1572, 1565, 1735, 1753)"
20220920_094519_57,1.0,0.3798,"(2, 1904, 511, 2804)"
20220920_094519_57,1.0,0.3671,"(1863, 1584, 2052, 1753)"
20220920_094519_57,1.0,0.3546,"(2728, 1728, 3019, 2047)"
20220920_094519_57,1.0,0.3487,"(2341, 1574, 2592, 1751)"
20220920_094519_57,1.0,0.329,"(3613, 1930, 4032, 2786)"
20220920_094519_57,0.0,0.3212,"(2467, 1692, 2540, 1711)"
20220920_094519_57,1.0,0.3058,"(2096, 1557, 2339, 1753)"
20220920_094519_57,1.0,0.2525,"(1115, 1679, 1478, 2057)"
20221117_133910_81,0.0,0.9053,"(770, 2071, 915, 2183)"
20221117_133910_81,0.0,0.6905,"(0, 2413, 99, 2535)"
20221117_133910_81,0.0,0.4761,"(2475, 1645, 2530, 1665)"
20221117_133910_81,1.0,0.4651,"(280, 1879, 948, 2337)"
20221117_133910_81,0.0,0.3842,"(1371, 1866, 1420, 1914)"
20221117_133910_81,1.0,0.3384,"(971, 1740, 1434, 2015)"
20221117_133910_81,1.0,0.2589,"(0, 1967, 254, 2586)"
20220920_094536_77,0.0,0.9085,"(2873, 2079, 2989, 2172)"
20220920_094536_77,0.0,0.8376,"(3759, 2558, 4032, 2793)"
20220920_094536_77,0.0,0.7891,"(2478, 1923, 2537, 1974)"
20220920_094536_77,0.0,0.7649,"(765, 1822, 871, 1850)"
20220920_094536_77,1.0,0.4439,"(2853, 1857, 3145, 2275)"
20220920_094536_77,1.0,0.437,"(696, 1600, 1075, 1906)"
20220920_094536_77,1.0,0.4065,"(3587, 1842, 4032, 2859)"
20220920_094536_77,1.0,0.3145,"(2461, 1720, 2915, 2072)"
20220920_095344_07,0.0,0.8866,"(3113, 2258, 3271, 2416)"
20220920_095344_07,0.0,0.8497,"(2917, 2010, 2994, 2085)"
20220920_095344_07,0.0,0.8424,"(609, 2103, 822, 2171)"
20220920_095344_07,0.0,0.8167,"(2737, 1884, 2783, 1933)"
20220920_095344_07,1.0,0.5675,"(2907, 1818, 3250, 2168)"
20220920_095344_07,1.0,0.4253,"(442, 1664, 1438, 2363)"
20220920_095344_07,1.0,0.4237,"(3072, 1818, 4031, 2717)"
20220920_095344_07,0.0,0.3987,"(1589, 1697, 1635, 1726)"
20220920_095344_07,1.0,0.3121,"(2729, 1727, 3019, 1996)"
20221117_134710_31,0.0,0.8791,"(716, 2177, 895, 2313)"
20221117_134710_31,0.0,0.5836,"(2628, 1681, 2689, 1701)"
20221117_134710_31,0.0,0.5798,"(2805, 1766, 2829, 1793)"
20221117_134710_31,1.0,0.4458,"(98, 1931, 950, 2484)"
20221117_134710_31,1.0,0.2948,"(2805, 1701, 3081, 1871)"
20220920_092557_27,0.0,0.8817,"(2497, 2200, 2672, 2325)"
20220920_092557_27,0.0,0.8803,"(1971, 1962, 2062, 2036)"
20220920_092557_27,0.0,0.8738,"(1221, 2133, 1517, 2245)"
20220920_092557_27,0.0,0.6863,"(1814, 1879, 1869, 1929)"
20220920_092557_27,0.0,0.6083,"(1974, 1964, 1999, 2000)"
20220920_092557_27,1.0,0.4639,"(1806, 1726, 1999, 1999)"
20220920_092557_27,1.0,0.4563,"(812, 1681, 1749, 2495)"
20220920_092557_27,0.0,0.4416,"(3956, 2814, 4032, 2991)"
20220920_092557_27,1.0,0.3919,"(1941, 1684, 2522, 2173)"
20220920_092557_27,1.0,0.2557,"(2440, 1797, 3543, 2514)"
20220915_172759_19,0.0,0.7231,"(1730, 1831, 1772, 1881)"
20220915_172759_19,1.0,0.2972,"(1454, 1694, 1775, 1974)"
20220915_172819_19,0.0,0.8695,"(109, 2222, 271, 2327)"
20220915_172819_19,1.0,0.4692,"(64, 1899, 896, 2451)"
20221117_134716_31,0.0,0.7886,"(3811, 1786, 3900, 1818)"
20221117_134716_31,0.0,0.7706,"(2851, 1803, 2943, 1830)"
20221117_134716_31,0.0,0.6611,"(3280, 1770, 3378, 1799)"
20221117_134716_31,1.0,0.4036,"(3059, 1612, 3453, 1893)"
20221117_134716_31,1.0,0.3489,"(2655, 1684, 3024, 1891)"
20221117_134716_31,1.0,0.2678,"(3557, 1665, 4021, 1873)"
20221117_134110_61,0.0,0.8935,"(560, 2074, 718, 2181)"
20221117_134110_61,0.0,0.8164,"(1110, 1861, 1180, 1912)"
20221117_134110_61,0.0,0.7203,"(1380, 1784, 1416, 1819)"
20221117_134110_61,0.0,0.669,"(2703, 1686, 2768, 1706)"
20221117_134110_61,0.0,0.6423,"(2431, 1704, 2493, 1724)"
20221117_134110_61,1.0,0.4441,"(29, 1855, 764, 2329)"
20221117_134110_61,0.0,0.4163,"(3919, 1703, 3978, 1724)"
20221117_134110_61,1.0,0.4145,"(782, 1730, 1201, 2007)"
20221117_134110_61,1.0,0.3545,"(1202, 1681, 1444, 1894)"
20221117_134110_61,1.0,0.2999,"(2326, 1608, 2572, 1759)"
20221117_134110_61,1.0,0.2794,"(3965, 1717, 4030, 2148)"
20221117_134703_51,0.0,0.8936,"(1527, 2007, 1630, 2091)"
20221117_134703_51,0.0,0.8624,"(781, 2208, 1011, 2355)"
20221117_134703_51,0.0,0.8618,"(1914, 1848, 1969, 1896)"
20221117_134703_51,0.0,0.6206,"(2055, 1772, 2093, 1809)"
20221117_134703_51,1.0,0.4529,"(1099, 1800, 1668, 2222)"
20221117_134703_51,1.0,0.3288,"(1643, 1709, 1978, 1980)"
20221117_134703_51,1.0,0.2658,"(39, 1881, 1133, 2624)"
20220915_172654_89,0.0,0.852,"(2952, 1755, 3036, 1793)"
20220915_172654_89,1.0,0.4451,"(2706, 1582, 3047, 1949)"
20220915_172654_89,1.0,0.4163,"(952, 1745, 1233, 1993)"
20220915_172654_89,0.0,0.3156,"(1307, 1827, 1394, 1875)"
20221117_133917_61,0.0,0.7693,"(1, 2499, 271, 2721)"
20221117_133917_61,0.0,0.7671,"(1420, 1856, 1458, 1904)"
20221117_133917_61,0.0,0.7352,"(2639, 1743, 2712, 1765)"
20221117_133917_61,1.0,0.3868,"(0, 2047, 417, 2802)"
20221117_133917_61,1.0,0.3525,"(560, 1804, 1138, 2210)"
20221117_133917_61,1.0,0.309,"(2500, 1653, 2780, 1821)"
20221117_133917_61,1.0,0.2839,"(1162, 1734, 1463, 1986)"
20221117_134603_81,0.0,0.894,"(923, 2035, 1032, 2122)"
20221117_134603_81,0.0,0.7799,"(172, 2304, 403, 2472)"
20221117_134603_81,0.0,0.6254,"(3406, 1666, 3457, 1685)"
20221117_134603_81,0.0,0.5346,"(2426, 1666, 2480, 1684)"
20221117_134603_81,1.0,0.4592,"(476, 1843, 1060, 2271)"
20221117_134603_81,1.0,0.4203,"(2, 1917, 495, 2568)"
20220920_092621_57,0.0,0.9079,"(3226, 2398, 3551, 2574)"
20220920_092621_57,1.0,0.4738,"(3053, 1738, 4030, 2758)"
20220920_092621_57,0.0,0.3608,"(366, 1933, 396, 1979)"
20220920_095513_27,0.0,0.8931,"(2283, 2117, 2470, 2206)"
20220920_095513_27,1.0,0.4721,"(2189, 1674, 2953, 2314)"
20220920_095440_27,0.0,0.878,"(3072, 2053, 3190, 2163)"
20220920_095440_27,0.0,0.8534,"(1304, 1904, 1356, 1960)"
20220920_095440_27,0.0,0.8198,"(779, 2112, 916, 2219)"
20220920_095440_27,0.0,0.7846,"(2974, 1895, 3039, 1954)"
20220920_095440_27,0.0,0.7724,"(3900, 2470, 4030, 2629)"
20220920_095440_27,0.0,0.7388,"(2418, 1704, 2439, 1730)"
20220920_095440_27,0.0,0.6385,"(1522, 1801, 1558, 1839)"
20220920_095440_27,0.0,0.5114,"(2573, 1790, 2610, 1832)"
20220920_095440_27,0.0,0.4337,"(1, 2432, 67, 2544)"
20220920_095440_27,1.0,0.4285,"(0, 1967, 202, 2684)"
20220920_095440_27,1.0,0.421,"(28, 1685, 967, 2402)"
20220920_095440_27,1.0,0.3974,"(3045, 1655, 3990, 2364)"
20220920_095440_27,1.0,0.3934,"(2411, 1604, 2597, 1780)"
20220920_095440_27,1.0,0.3618,"(1205, 1708, 1360, 2004)"
20220920_095440_27,1.0,0.3495,"(2567, 1518, 3321, 1969)"
20220920_095440_27,1.0,0.2884,"(3790, 2068, 4029, 2765)"
20220915_172546_09,0.0,0.8947,"(990, 1992, 1088, 2078)"
20220915_172546_09,0.0,0.7964,"(2902, 2001, 2997, 2096)"
20220915_172546_09,0.0,0.7811,"(1193, 1876, 1254, 1931)"
20220915_172546_09,0.0,0.7201,"(1400, 1794, 1439, 1841)"
20220915_172546_09,0.0,0.5429,"(2631, 1796, 2666, 1832)"
20220915_172546_09,1.0,0.4717,"(486, 1767, 1118, 2237)"
20220915_172546_09,0.0,0.3821,"(1228, 1879, 1253, 1900)"
20220915_172546_09,1.0,0.3564,"(2886, 1768, 3336, 2240)"
20220915_172546_09,1.0,0.3008,"(1067, 1740, 1263, 1990)"
20221117_134113_71,0.0,0.8651,"(960, 1940, 1044, 2005)"
20221117_134113_71,0.0,0.8508,"(2980, 2000, 3059, 2080)"
20221117_134113_71,0.0,0.8379,"(2580, 1758, 2666, 1783)"
20221117_134113_71,0.0,0.6663,"(2956, 1733, 3043, 1756)"
20221117_134113_71,1.0,0.3972,"(2806, 1632, 3134, 1842)"
20221117_134113_71,1.0,0.3774,"(599, 1774, 1059, 2126)"
20221117_134113_71,1.0,0.3304,"(2451, 1659, 2744, 1837)"
20220920_094532_07,0.0,0.9036,"(2769, 2389, 3074, 2568)"
20220920_094532_07,0.0,0.867,"(2124, 2076, 2254, 2159)"
20220920_094532_07,0.0,0.8532,"(1757, 1936, 1832, 1993)"
20220920_094532_07,0.0,0.6578,"(1516, 1849, 1565, 1887)"
20220920_094532_07,1.0,0.5292,"(1737, 1653, 2219, 2061)"
20220920_094532_07,1.0,0.4478,"(2616, 1715, 3883, 2723)"
20220920_094532_07,1.0,0.4348,"(2083, 1666, 2862, 2275)"
20220920_094532_07,0.0,0.4128,"(1318, 1809, 1352, 1837)"
20220920_094421_17,0.0,0.8956,"(464, 2002, 587, 2085)"
20220920_094421_17,0.0,0.8683,"(893, 1873, 966, 1928)"
20220920_094421_17,0.0,0.5645,"(1317, 1741, 1352, 1770)"
20220920_094421_17,0.0,0.4662,"(1079, 1814, 1131, 1856)"
20220920_094421_17,1.0,0.4556,"(1, 1744, 623, 2254)"
20220920_094421_17,1.0,0.4338,"(598, 1711, 982, 2035)"
20220920_094421_17,0.0,0.3829,"(1764, 1642, 1807, 1657)"
20220920_094421_17,0.0,0.3704,"(1571, 1641, 1614, 1657)"
20221117_134713_41,0.0,0.9008,"(1180, 1970, 1261, 2047)"
20221117_134713_41,0.0,0.8454,"(254, 2438, 538, 2656)"
20221117_134713_41,0.0,0.7788,"(2990, 1717, 3065, 1740)"
20221117_134713_41,0.0,0.7762,"(3021, 1892, 3084, 1946)"
20221117_134713_41,0.0,0.5998,"(2672, 1738, 2744, 1760)"
20221117_134713_41,1.0,0.4507,"(2859, 1649, 3149, 1810)"
20221117_134713_41,1.0,0.4445,"(909, 1791, 1282, 2123)"
20221117_134713_41,1.0,0.3762,"(1, 1987, 649, 2833)"
20221117_134713_41,1.0,0.3166,"(3015, 1788, 3269, 1998)"
20220915_171708_89,0.0,0.876,"(1637, 1971, 1786, 2023)"
20220915_171708_89,1.0,0.4701,"(1525, 1766, 2106, 2081)"
20221117_133922_81,0.0,0.851,"(3363, 1785, 3463, 1814)"
20221117_133922_81,0.0,0.6719,"(2898, 1819, 3002, 1849)"
20221117_133922_81,1.0,0.4004,"(3141, 1679, 3546, 1911)"
20221117_133922_81,1.0,0.3963,"(2713, 1704, 3079, 1911)"
20220915_171050_79,0.0,0.8922,"(2210, 1891, 2291, 1949)"
20220915_171050_79,0.0,0.7285,"(2535, 1808, 2581, 1849)"
20220915_171050_79,1.0,0.4362,"(1910, 1744, 2314, 2035)"
20220915_171050_79,1.0,0.3397,"(2343, 1705, 2594, 1935)"
20220920_092711_97,0.0,0.8868,"(3294, 2102, 3429, 2209)"
20220920_092711_97,0.0,0.8529,"(1235, 1918, 1293, 1983)"
20220920_092711_97,0.0,0.809,"(2741, 1929, 2793, 1983)"
20220920_092711_97,0.0,0.7716,"(3737, 2524, 4031, 2793)"
20220920_092711_97,0.0,0.7702,"(2430, 1768, 2455, 1799)"
20220920_092711_97,0.0,0.678,"(793, 2109, 911, 2209)"
20220920_092711_97,0.0,0.668,"(1610, 1743, 1670, 1773)"
20220920_092711_97,0.0,0.5998,"(2547, 1829, 2587, 1866)"
20220920_092711_97,1.0,0.5033,"(2725, 1729, 3348, 2140)"
20220920_092711_97,0.0,0.4984,"(3291, 2103, 3349, 2137)"
20220920_092711_97,1.0,0.4437,"(541, 1798, 941, 2285)"
20220920_092711_97,1.0,0.437,"(3648, 1991, 4032, 2933)"
20220920_092711_97,1.0,0.4065,"(896, 1694, 1310, 2098)"
20220920_092711_97,0.0,0.4035,"(2320, 1650, 2367, 1666)"
20220920_092711_97,1.0,0.394,"(3272, 1773, 3945, 2361)"
20220920_092711_97,0.0,0.3393,"(1544, 1776, 1581, 1807)"
20220920_092711_97,1.0,0.3161,"(2543, 1699, 2799, 1930)"
20220920_092711_97,1.0,0.3113,"(2403, 1648, 2599, 1827)"
20220920_092711_97,1.0,0.2611,"(1568, 1624, 1900, 1911)"
20220920_092645_67,0.0,0.8946,"(2401, 2098, 2562, 2198)"
20220920_092645_67,0.0,0.889,"(1930, 1941, 2025, 2004)"
20220920_092645_67,0.0,0.7792,"(3863, 2462, 4032, 2603)"
20220920_092645_67,0.0,0.7731,"(1629, 1850, 1690, 1895)"
20220920_092645_67,1.0,0.4571,"(2329, 1623, 3021, 2319)"
20220920_092645_67,1.0,0.4278,"(1909, 1691, 2434, 2103)"
20220920_092645_67,1.0,0.408,"(3535, 1637, 4032, 2628)"
20220920_092645_67,1.0,0.356,"(1614, 1709, 1945, 1966)"
20221117_133902_81,0.0,0.899,"(917, 1972, 1021, 2052)"
20221117_133902_81,0.0,0.8101,"(1283, 1879, 1344, 1934)"
20221117_133902_81,0.0,0.7323,"(95, 2252, 344, 2413)"
20221117_133902_81,0.0,0.6212,"(1509, 1782, 1552, 1818)"
20221117_133902_81,1.0,0.4585,"(444, 1787, 1060, 2220)"
20221117_133902_81,1.0,0.4053,"(2, 1939, 467, 2551)"
20221117_133902_81,1.0,0.4027,"(1033, 1743, 1364, 2024)"
20220920_095509_87,0.0,0.8761,"(1117, 1931, 1251, 1972)"
20220920_095509_87,1.0,0.4658,"(1042, 1627, 1549, 2044)"
20220920_095553_17,0.0,0.8952,"(3004, 2337, 3149, 2505)"
20220920_095553_17,1.0,0.4531,"(2963, 1810, 4013, 2748)"
20221117_134601_81,0.0,0.8948,"(1031, 1966, 1115, 2036)"
20221117_134601_81,0.0,0.6437,"(531, 2221, 715, 2379)"
20221117_134601_81,0.0,0.6076,"(1312, 1861, 1369, 1914)"
20221117_134601_81,1.0,0.4405,"(0, 1922, 777, 2577)"
20221117_134601_81,1.0,0.4272,"(671, 1760, 1131, 2135)"
20221117_134601_81,1.0,0.3506,"(3319, 1624, 3511, 1776)"
20221117_134601_81,1.0,0.3336,"(1116, 1714, 1454, 1989)"
20221117_134601_81,0.0,0.2912,"(3266, 1648, 3292, 1670)"
20221117_134601_81,0.0,0.2862,"(3422, 1768, 3503, 1798)"
20220915_172915_99,0.0,0.7195,"(1864, 1836, 1899, 1884)"
20220915_172915_99,1.0,0.2712,"(1858, 1721, 2055, 1946)"
20220915_172735_49,0.0,0.8911,"(238, 2155, 441, 2299)"
20220915_172735_49,0.0,0.7901,"(1351, 1823, 1397, 1871)"
20220915_172735_49,1.0,0.4584,"(0, 1831, 545, 2587)"
20220915_172735_49,1.0,0.3589,"(1110, 1688, 1412, 1957)"
20220915_172735_49,1.0,0.3048,"(2544, 1677, 2722, 1906)"
20220915_172735_49,0.0,0.2968,"(1519, 1741, 1551, 1778)"
20220920_095333_47,0.0,0.8552,"(3419, 1948, 3576, 1994)"
20220920_095333_47,0.0,0.8518,"(2583, 1929, 2743, 1973)"
20220920_095333_47,0.0,0.8496,"(1768, 1944, 1938, 1983)"
20220920_095333_47,0.0,0.7555,"(168, 1933, 298, 1974)"
20220920_095333_47,1.0,0.4522,"(1612, 1583, 2114, 2049)"
20220920_095333_47,1.0,0.4429,"(3002, 1592, 3665, 2076)"
20220920_095333_47,1.0,0.4367,"(2314, 1582, 2881, 2067)"
20220920_095333_47,1.0,0.3962,"(90, 1640, 730, 2055)"
20220915_172708_39,0.0,0.4224,"(1637, 1799, 1684, 1845)"
20220915_172708_39,0.0,0.3969,"(2785, 1714, 2827, 1736)"
20220915_172835_59,0.0,0.7513,"(1131, 1735, 1231, 1768)"
20220915_172835_59,1.0,0.4207,"(1052, 1635, 1442, 1894)"
20220915_172835_59,0.0,0.3584,"(3209, 1817, 3304, 1879)"
20221117_134759_21,0.0,0.8725,"(567, 2347, 804, 2535)"
20221117_134759_21,0.0,0.869,"(1371, 1984, 1455, 2055)"
20221117_134759_21,0.0,0.543,"(1758, 1793, 1804, 1836)"
20221117_134759_21,1.0,0.4572,"(0, 1960, 902, 2766)"
20221117_134759_21,1.0,0.403,"(899, 1802, 1508, 2194)"
20221117_134759_21,0.0,0.3827,"(3548, 1661, 3596, 1677)"
20221117_134759_21,1.0,0.3104,"(3587, 1643, 3886, 1809)"
20221117_134759_21,0.0,0.291,"(3632, 1705, 3699, 1732)"
20221117_133916_71,0.0,0.8742,"(256, 2372, 513, 2560)"
20221117_133916_71,0.0,0.8001,"(2614, 1734, 2682, 1759)"
20221117_133916_71,0.0,0.7527,"(1451, 1840, 1488, 1882)"
20221117_133916_71,1.0,0.4281,"(2, 1972, 617, 2711)"
20221117_133916_71,1.0,0.334,"(2782, 1653, 2980, 1805)"
20221117_133916_71,0.0,0.294,"(2923, 1716, 2973, 1739)"
20221117_133916_71,1.0,0.294,"(1246, 1718, 1494, 1957)"
20221117_133916_71,1.0,0.2929,"(2490, 1655, 2744, 1806)"
20220915_171623_59,0.0,0.6129,"(1200, 1811, 1260, 1854)"
20220915_171623_59,0.0,0.4303,"(90, 1772, 172, 1798)"
20220915_171623_59,1.0,0.2925,"(1, 1687, 259, 1847)"
20220915_171623_59,1.0,0.2555,"(1045, 1686, 1309, 1930)"
20220915_171931_59,0.0,0.877,"(656, 2101, 806, 2219)"
20220915_171931_59,0.0,0.4903,"(2692, 1790, 2731, 1830)"
20220915_171931_59,1.0,0.4711,"(21, 1827, 874, 2433)"
20221117_134418_01,0.0,0.8816,"(892, 2140, 1041, 2271)"
20221117_134418_01,0.0,0.6965,"(1564, 1846, 1604, 1894)"
20221117_134418_01,1.0,0.4516,"(182, 1900, 1100, 2489)"
20221117_134418_01,0.0,0.2879,"(1696, 1768, 1723, 1798)"
20221117_134418_01,1.0,0.2542,"(1327, 1729, 1618, 1967)"
20220915_172753_19,0.0,0.8981,"(1054, 1932, 1132, 2001)"
20220915_172753_19,0.0,0.6702,"(1461, 1817, 1498, 1861)"
20220915_172753_19,1.0,0.4414,"(756, 1778, 1146, 2096)"
20220915_172753_19,1.0,0.2676,"(1210, 1699, 1507, 1958)"
20220915_171925_09,0.0,0.9051,"(3467, 2264, 3657, 2422)"
20220915_171925_09,0.0,0.8787,"(2798, 1980, 2878, 2064)"
20220915_171925_09,1.0,0.4599,"(3400, 1951, 4029, 2609)"
20220915_171925_09,1.0,0.4465,"(2770, 1753, 3409, 2226)"
20220915_171925_09,1.0,0.4122,"(550, 1764, 1088, 2199)"
20220915_171925_09,0.0,0.3843,"(996, 1962, 1070, 2057)"
20220915_171925_09,0.0,0.3637,"(2445, 1736, 2477, 1766)"
20221117_133919_81,0.0,0.8695,"(657, 2150, 817, 2275)"
20221117_133919_81,0.0,0.8448,"(2723, 1764, 2805, 1790)"
20221117_133919_81,0.0,0.8197,"(1268, 1927, 1329, 1987)"
20221117_133919_81,0.0,0.783,"(3222, 1994, 3324, 2067)"
20221117_133919_81,1.0,0.4631,"(53, 1821, 869, 2449)"
20221117_133919_81,1.0,0.3801,"(2892, 1634, 3193, 1860)"
20221117_133919_81,1.0,0.3561,"(2576, 1664, 2874, 1843)"
20221117_133919_81,1.0,0.3485,"(3201, 1857, 3726, 2213)"
20221117_133919_81,0.0,0.2999,"(3070, 1732, 3125, 1764)"
20221117_133919_81,1.0,0.2698,"(961, 1778, 1350, 2129)"
20221117_133919_81,0.0,0.2513,"(3549, 1743, 3626, 1765)"
20220920_093617_67,0.0,0.8722,"(2130, 2039, 2218, 2124)"
20220920_093617_67,0.0,0.8707,"(2791, 2293, 3006, 2451)"
20220920_093617_67,0.0,0.805,"(1915, 1894, 1962, 1944)"
20220920_093617_67,0.0,0.6853,"(249, 2006, 312, 2072)"
20220920_093617_67,0.0,0.6518,"(1791, 1827, 1827, 1864)"
20220920_093617_67,0.0,0.6425,"(336, 1902, 386, 1950)"
20220920_093617_67,1.0,0.4757,"(1910, 1749, 2198, 2014)"
20220920_093617_67,1.0,0.425,"(2718, 1782, 3998, 2694)"
20220920_093617_67,1.0,0.4191,"(2109, 1770, 2799, 2290)"
20220920_093617_67,0.0,0.4037,"(1915, 1895, 1958, 1919)"
20220920_093617_67,0.0,0.386,"(1671, 1770, 1698, 1809)"
20220920_093617_67,1.0,0.3366,"(86, 1790, 390, 2144)"
20220920_095444_27,0.0,0.8893,"(2849, 1975, 2927, 2052)"
20220920_095444_27,0.0,0.8747,"(631, 2217, 799, 2363)"
20220920_095444_27,0.0,0.8717,"(1118, 1977, 1193, 2049)"
20220920_095444_27,0.0,0.808,"(3200, 2190, 3367, 2348)"
20220920_095444_27,0.0,0.8017,"(2604, 1850, 2647, 1896)"
20220920_095444_27,0.0,0.5605,"(1402, 1855, 1443, 1901)"
20220920_095444_27,1.0,0.4419,"(721, 1744, 1213, 2189)"
20220920_095444_27,1.0,0.4285,"(2835, 1744, 3276, 2175)"
20220920_095444_27,1.0,0.4173,"(2, 1850, 857, 2600)"
20220920_095444_27,0.0,0.4113,"(2156, 1661, 2208, 1678)"
20220920_095444_27,0.0,0.4023,"(1876, 1693, 1937, 1710)"
20220920_095444_27,1.0,0.4,"(3164, 1692, 4032, 2645)"
20220920_095444_27,0.0,0.2841,"(1876, 1685, 1937, 1705)"
20220920_095444_27,1.0,0.2701,"(1287, 1751, 1458, 1992)"
20220920_095444_27,1.0,0.27,"(2592, 1697, 2871, 1985)"
20220920_095444_27,0.0,0.251,"(2143, 1656, 2203, 1675)"
20220915_171655_39,0.0,0.4173,"(2663, 1703, 2726, 1736)"
20220915_171655_39,1.0,0.3142,"(2506, 1596, 2743, 1833)"
20221117_134704_91,0.0,0.904,"(835, 2182, 1011, 2318)"
20221117_134704_91,0.0,0.8727,"(1462, 1922, 1538, 1987)"
20221117_134704_91,0.0,0.7419,"(1662, 1820, 1706, 1862)"
20221117_134704_91,1.0,0.464,"(151, 1900, 1074, 2519)"
20221117_134704_91,1.0,0.4274,"(1066, 1758, 1562, 2099)"
20221117_134704_91,0.0,0.3827,"(2715, 1644, 2763, 1660)"
20221117_134704_91,1.0,0.2846,"(1475, 1694, 1712, 1894)"
20221117_134606_41,0.0,0.8349,"(1327, 1856, 1385, 1911)"
20221117_134606_41,0.0,0.7839,"(2739, 1806, 2775, 1845)"
20221117_134606_41,0.0,0.6729,"(2781, 1684, 2845, 1704)"
20221117_134606_41,0.0,0.6319,"(1529, 1786, 1559, 1819)"
20221117_134606_41,0.0,0.5428,"(2512, 1702, 2574, 1721)"
20221117_134606_41,1.0,0.4212,"(1069, 1732, 1402, 2002)"
20221117_134606_41,0.0,0.4008,"(3961, 1699, 4020, 1718)"
20221117_134606_41,1.0,0.2693,"(2739, 1731, 2965, 1929)"
20220920_092617_77,0.0,0.862,"(1157, 1963, 1285, 2006)"
20220920_092617_77,1.0,0.469,"(1101, 1634, 1620, 2085)"
20220920_095552_17,0.0,0.8998,"(3181, 2488, 3421, 2742)"
20220920_095552_17,0.0,0.8394,"(2726, 2128, 2801, 2219)"
20220920_095552_17,1.0,0.4585,"(3113, 1779, 4032, 3037)"
20220920_095552_17,1.0,0.2575,"(2704, 1765, 3336, 2362)"
20220915_172812_89,0.0,0.8512,"(3503, 1893, 3610, 1949)"
20220915_172812_89,1.0,0.4581,"(3467, 1755, 3988, 2060)"
20220915_171725_39,0.0,0.9156,"(3400, 2187, 3609, 2333)"
20220915_171725_39,1.0,0.4729,"(3338, 1891, 4028, 2475)"
20220920_094424_87,0.0,0.8897,"(419, 2021, 552, 2109)"
20220920_094424_87,0.0,0.8785,"(882, 1882, 958, 1940)"
20220920_094424_87,0.0,0.6979,"(1084, 1820, 1138, 1864)"
20220920_094424_87,1.0,0.4463,"(566, 1727, 974, 2056)"
20220920_094424_87,1.0,0.3976,"(2, 1755, 586, 2271)"
20220920_094424_87,0.0,0.3939,"(1591, 1642, 1636, 1657)"
20220915_171224_69,0.0,0.8911,"(1837, 1993, 1958, 2064)"
20220915_171224_69,0.0,0.857,"(1625, 1897, 1701, 1952)"
20220915_171224_69,0.0,0.5588,"(1133, 1790, 1178, 1822)"
20220915_171224_69,1.0,0.4454,"(1757, 1764, 2395, 2178)"
20220915_171224_69,1.0,0.3411,"(1609, 1747, 1832, 2001)"
20220920_095549_27,0.0,0.8647,"(3595, 2516, 3924, 2779)"
20220920_095549_27,0.0,0.8643,"(2689, 2094, 2782, 2200)"
20220920_095549_27,0.0,0.8143,"(2382, 1926, 2430, 1990)"
20220920_095549_27,1.0,0.4209,"(2658, 1801, 3622, 2448)"
20220920_095549_27,1.0,0.4003,"(3468, 1913, 4032, 2968)"
20220920_095549_27,1.0,0.3381,"(2368, 1724, 2754, 2095)"
20220920_095549_27,1.0,0.2799,"(0, 1663, 425, 2132)"
20220915_172754_59,0.0,0.9073,"(631, 2106, 768, 2215)"
20220915_172754_59,0.0,0.8119,"(1279, 1911, 1336, 1972)"
20220915_172754_59,1.0,0.4686,"(49, 1835, 803, 2372)"
20220915_172754_59,1.0,0.4035,"(873, 1731, 1350, 2106)"
20220915_172918_29,0.0,0.773,"(2105, 1989, 2153, 2067)"
20220915_172918_29,0.0,0.7384,"(2420, 2227, 2525, 2400)"
20220915_172918_29,1.0,0.3722,"(2372, 1669, 3348, 2606)"
20220915_172918_29,1.0,0.33,"(2093, 1784, 2466, 2176)"
20220920_092646_47,0.0,0.8858,"(2324, 1994, 2439, 2074)"
20220920_092646_47,0.0,0.7722,"(2941, 2230, 3181, 2378)"
20220920_092646_47,0.0,0.7408,"(1986, 1877, 2050, 1926)"
20220920_092646_47,0.0,0.7139,"(9, 1791, 123, 1823)"
20220920_092646_47,1.0,0.4674,"(2825, 1608, 3835, 2537)"
20220920_092646_47,1.0,0.4322,"(2296, 1638, 3031, 2191)"
20220920_092646_47,1.0,0.3574,"(1964, 1712, 2320, 2007)"
20220920_092646_47,1.0,0.3251,"(0, 1628, 306, 1879)"
20221117_134112_51,0.0,0.8931,"(683, 2009, 810, 2095)"
20221117_134112_51,0.0,0.7973,"(2513, 1739, 2586, 1763)"
20221117_134112_51,0.0,0.782,"(2843, 1718, 2919, 1740)"
20221117_134112_51,0.0,0.6941,"(2783, 1912, 2832, 1967)"
20221117_134112_51,1.0,0.4635,"(211, 1801, 842, 2242)"
20221117_134112_51,1.0,0.3447,"(2399, 1618, 2663, 1818)"
20221117_134112_51,1.0,0.3426,"(2716, 1648, 3010, 1801)"
20220915_172732_29,0.0,0.8983,"(2882, 1988, 2960, 2069)"
20220915_172732_29,0.0,0.6784,"(1261, 1833, 1310, 1881)"
20220915_172732_29,1.0,0.453,"(2862, 1789, 3205, 2197)"
20220915_172732_29,1.0,0.4176,"(898, 1725, 1325, 2023)"
20220915_172732_29,0.0,0.3764,"(1597, 1731, 1628, 1764)"
20220915_172732_29,0.0,0.3574,"(1667, 1689, 1684, 1709)"
20220915_172732_29,0.0,0.3031,"(1257, 1836, 1308, 1911)"
20220920_095413_17,0.0,0.9022,"(681, 2182, 825, 2306)"
20220920_095413_17,0.0,0.8328,"(1956, 1770, 2043, 1797)"
20220920_095413_17,0.0,0.8047,"(2698, 1981, 2749, 2053)"
20220920_095413_17,0.0,0.7496,"(400, 1764, 473, 1790)"
20220920_095413_17,0.0,0.6993,"(1565, 1772, 1654, 1799)"
20220920_095413_17,0.0,0.6824,"(1122, 1773, 1168, 1800)"
20220920_095413_17,0.0,0.6051,"(1, 2773, 104, 2950)"
20220920_095413_17,1.0,0.492,"(1858, 1593, 2158, 1842)"
20220920_095413_17,1.0,0.4455,"(1495, 1556, 1801, 1831)"
20220920_095413_17,1.0,0.4189,"(17, 1774, 889, 2527)"
20220920_095413_17,1.0,0.3551,"(1116, 1583, 1338, 1841)"
20220920_095413_17,0.0,0.2919,"(2460, 1815, 2497, 1844)"
20220920_095413_17,1.0,0.2539,"(0, 2200, 251, 3024)"
20220920_095413_17,1.0,0.2529,"(382, 1638, 622, 1813)"
20221117_134711_91,0.0,0.704,"(1039, 2102, 1127, 2192)"
20221117_134711_91,0.0,0.6725,"(2907, 1689, 2974, 1709)"
20221117_134711_91,0.0,0.5896,"(2632, 1704, 2696, 1726)"
20221117_134711_91,0.0,0.4621,"(2876, 1812, 2915, 1854)"
20221117_134711_91,1.0,0.4064,"(2799, 1621, 3043, 1765)"
20221117_134711_91,1.0,0.3991,"(421, 1865, 1138, 2376)"
20221117_134711_91,0.0,0.3657,"(1436, 1858, 1500, 1914)"
20221117_134711_91,1.0,0.2806,"(2520, 1614, 2791, 1773)"
20220915_172715_29,0.0,0.8491,"(2366, 1902, 2499, 1939)"
20220915_172715_29,0.0,0.7633,"(687, 1825, 777, 1860)"
20220915_172715_29,1.0,0.4616,"(2211, 1721, 2665, 1991)"
20220915_172715_29,1.0,0.4197,"(648, 1663, 1037, 1911)"
20220915_171639_69,0.0,0.7803,"(2375, 1682, 2466, 1709)"
20220915_171639_69,0.0,0.3977,"(1680, 1696, 1738, 1714)"
20220915_171639_69,1.0,0.3787,"(2224, 1578, 2545, 1845)"
20220915_172813_79,0.0,0.8705,"(3213, 1891, 3318, 1950)"
20220915_172813_79,1.0,0.4602,"(3171, 1742, 3686, 2060)"
20220915_171300_69,0.0,0.8968,"(717, 2098, 845, 2205)"
20220915_171300_69,0.0,0.8877,"(3065, 2027, 3164, 2123)"
20220915_171300_69,0.0,0.8538,"(2870, 1894, 2932, 1955)"
20220915_171300_69,0.0,0.5702,"(1384, 1812, 1428, 1860)"
20220915_171300_69,1.0,0.4675,"(385, 1885, 871, 2315)"
20220915_171300_69,1.0,0.4556,"(3036, 1783, 3726, 2289)"
20220915_171300_69,1.0,0.3538,"(2853, 1778, 3075, 2049)"
20220915_171300_69,0.0,0.2754,"(1267, 1856, 1326, 1892)"
20221117_134419_11,0.0,0.8657,"(1390, 1913, 1443, 1974)"
20221117_134419_11,0.0,0.765,"(169, 2435, 458, 2669)"
20221117_134419_11,0.0,0.6443,"(1574, 1805, 1607, 1842)"
20221117_134419_11,1.0,0.3737,"(1127, 1773, 1454, 2079)"
20221117_134419_11,1.0,0.2976,"(2, 1971, 614, 2829)"
20220915_172902_19,0.0,0.8462,"(3416, 1819, 3537, 1856)"
20220915_172902_19,1.0,0.4519,"(3288, 1678, 3699, 1902)"
20220915_172902_19,0.0,0.39,"(2174, 1721, 2202, 1742)"
20220915_172902_19,0.0,0.3661,"(676, 1904, 738, 1961)"
20220915_172902_19,0.0,0.313,"(667, 1888, 736, 1945)"
20220915_172902_19,1.0,0.3083,"(561, 1724, 1123, 2141)"
20220915_171634_39,0.0,0.8976,"(3128, 2179, 3333, 2255)"
20220915_171634_39,1.0,0.4697,"(2627, 1857, 3461, 2358)"
20220920_095338_77,0.0,0.8846,"(3324, 2452, 3641, 2671)"
20220920_095338_77,0.0,0.8763,"(2508, 2046, 2630, 2150)"
20220920_095338_77,0.0,0.869,"(2285, 1919, 2350, 1978)"
20220920_095338_77,0.0,0.7675,"(125, 1924, 271, 1960)"
20220920_095338_77,0.0,0.6671,"(746, 1794, 864, 1827)"
20220920_095338_77,1.0,0.5568,"(2272, 1758, 2518, 2081)"
20220920_095338_77,0.0,0.5558,"(1890, 1801, 1926, 1841)"
20220920_095338_77,0.0,0.4258,"(1524, 1699, 1611, 1726)"
20220920_095338_77,1.0,0.4235,"(735, 1595, 1192, 1919)"
20220920_095338_77,1.0,0.42,"(21, 1613, 510, 2029)"
20220920_095338_77,1.0,0.413,"(2464, 1619, 3316, 2366)"
20220920_095338_77,1.0,0.3824,"(3203, 1885, 4032, 2916)"
20220920_095338_77,1.0,0.3748,"(1393, 1558, 1702, 1831)"
20220920_095338_77,1.0,0.3288,"(1883, 1569, 2118, 1878)"
20221117_134803_41,0.0,0.8923,"(810, 2063, 944, 2175)"
20221117_134803_41,0.0,0.7227,"(1387, 1853, 1443, 1909)"
20221117_134803_41,0.0,0.6941,"(1, 2409, 156, 2576)"
20221117_134803_41,1.0,0.4636,"(282, 1860, 986, 2342)"
20221117_134803_41,0.0,0.4183,"(2467, 1638, 2521, 1658)"
20221117_134803_41,0.0,0.4152,"(1553, 1740, 1588, 1779)"
20221117_134803_41,1.0,0.3174,"(1022, 1736, 1453, 2003)"
20221117_134803_41,1.0,0.3092,"(0, 1973, 293, 2625)"
20221117_134803_41,0.0,0.2609,"(2473, 1643, 2537, 1662)"
20220915_172756_79,0.0,0.9068,"(658, 2170, 815, 2308)"
20220915_172756_79,1.0,0.4734,"(2, 1860, 877, 2577)"
20220915_171604_89,0.0,0.8992,"(3403, 2199, 3582, 2359)"
20220915_171604_89,0.0,0.8632,"(852, 2229, 1008, 2375)"
20220915_171604_89,0.0,0.7975,"(3172, 2004, 3265, 2089)"
20220915_171604_89,1.0,0.4626,"(126, 1861, 1051, 2660)"
20220915_171604_89,1.0,0.4605,"(3346, 1875, 4030, 2667)"
20220915_171604_89,1.0,0.3498,"(3143, 1834, 3438, 2179)"
20220915_172532_79,0.0,0.8982,"(182, 2188, 396, 2329)"
20220915_172532_79,0.0,0.8922,"(928, 1955, 1034, 2041)"
20220915_172532_79,0.0,0.8835,"(2879, 1972, 2966, 2050)"
20220915_172532_79,1.0,0.4631,"(512, 1757, 1062, 2161)"
20220915_172532_79,1.0,0.4402,"(0, 1919, 508, 2495)"
20220915_172532_79,1.0,0.4096,"(2862, 1779, 3388, 2171)"
20221117_133907_31,0.0,0.8784,"(909, 2078, 1047, 2192)"
20221117_133907_31,0.0,0.7263,"(1296, 1898, 1365, 1957)"
20221117_133907_31,0.0,0.4731,"(3575, 1701, 3652, 1732)"
20221117_133907_31,0.0,0.4565,"(1772, 1747, 1806, 1782)"
20221117_133907_31,1.0,0.3956,"(1002, 1726, 1376, 2026)"
20221117_133907_31,1.0,0.3953,"(277, 1856, 1093, 2364)"
20221117_133907_31,1.0,0.3424,"(1365, 1705, 1606, 1933)"
20221117_133907_31,0.0,0.3272,"(1532, 1819, 1586, 1866)"
20221117_133907_31,0.0,0.3131,"(2571, 1643, 2645, 1664)"
20221117_133906_61,0.0,0.8868,"(1118, 2000, 1219, 2088)"
20221117_133906_61,0.0,0.8292,"(1401, 1863, 1460, 1914)"
20221117_133906_61,0.0,0.7165,"(79, 2423, 378, 2641)"
20221117_133906_61,0.0,0.4946,"(1599, 1799, 1647, 1840)"
20221117_133906_61,1.0,0.4615,"(560, 1809, 1254, 2223)"
20221117_133906_61,0.0,0.4387,"(3435, 1654, 3484, 1670)"
20221117_133906_61,1.0,0.38,"(0, 1994, 520, 2728)"
20221117_133906_61,1.0,0.3737,"(1167, 1709, 1465, 1967)"
20221117_133906_61,1.0,0.367,"(3311, 1613, 3553, 1777)"
20221117_134428_71,0.0,0.8981,"(1011, 2145, 1149, 2269)"
20221117_134428_71,0.0,0.8368,"(1445, 1876, 1503, 1934)"
20221117_134428_71,0.0,0.7468,"(2952, 1690, 3019, 1712)"
20221117_134428_71,0.0,0.6511,"(2663, 1708, 2730, 1729)"
20221117_134428_71,0.0,0.6334,"(1652, 1796, 1679, 1829)"
20221117_134428_71,0.0,0.5308,"(2943, 1826, 2989, 1866)"
20221117_134428_71,1.0,0.4151,"(1145, 1742, 1516, 2046)"
20221117_134428_71,1.0,0.3935,"(325, 1901, 1184, 2459)"
20221117_134428_71,1.0,0.3363,"(1492, 1684, 1739, 1890)"
20221117_134428_71,1.0,0.2674,"(2932, 1738, 3209, 1955)"
20221117_134428_71,1.0,0.2517,"(2532, 1621, 2809, 1780)"
20220915_171122_39,0.0,0.3845,"(96, 1767, 203, 1801)"
20220915_171122_39,0.0,0.3428,"(1331, 1789, 1384, 1833)"
20220915_171122_39,1.0,0.3349,"(0, 1688, 256, 1861)"
20220915_171906_89,0.0,0.8744,"(1599, 1967, 1713, 2030)"
20220915_171906_89,0.0,0.7956,"(1390, 1889, 1470, 1939)"
20220915_171906_89,1.0,0.4508,"(1385, 1728, 2127, 2139)"
20220915_171906_89,1.0,0.3656,"(1373, 1732, 1591, 2001)"
20220915_171906_89,0.0,0.3089,"(591, 1735, 616, 1759)"
20220920_092552_17,0.0,0.8757,"(1143, 2077, 1307, 2131)"
20220920_092552_17,0.0,0.867,"(3313, 2128, 3550, 2191)"
20220920_092552_17,0.0,0.8371,"(2191, 2105, 2407, 2154)"
20220920_092552_17,0.0,0.7932,"(434, 2007, 560, 2056)"
20220920_092552_17,1.0,0.4567,"(1061, 1677, 1668, 2207)"
20220920_092552_17,1.0,0.4514,"(2806, 1616, 3728, 2314)"
20220920_092552_17,1.0,0.4369,"(1998, 1627, 2620, 2205)"
20220920_092552_17,1.0,0.4347,"(375, 1722, 1023, 2138)"
20220915_171720_39,0.0,0.8063,"(644, 1899, 726, 1945)"
20220915_171720_39,0.0,0.7581,"(852, 1957, 964, 2008)"
20220915_171720_39,1.0,0.4644,"(623, 1720, 1341, 2092)"
20220920_092744_77,0.0,0.8947,"(3140, 2199, 3292, 2340)"
20220920_092744_77,0.0,0.8507,"(2724, 1958, 2786, 2025)"
20220920_092744_77,0.0,0.8438,"(1038, 2180, 1152, 2313)"
20220920_092744_77,0.0,0.8083,"(2410, 1694, 2469, 1711)"
20220920_092744_77,0.0,0.6553,"(2157, 1684, 2223, 1701)"
20220920_092744_77,0.0,0.6256,"(2578, 1878, 2612, 1923)"
20220920_092744_77,1.0,0.4443,"(3094, 1770, 4029, 2607)"
20220920_092744_77,1.0,0.4218,"(2576, 1727, 2760, 1971)"
20220920_092744_77,0.0,0.4006,"(2496, 1789, 2514, 1822)"
20220920_092744_77,1.0,0.3699,"(2300, 1582, 2535, 1750)"
20220920_092744_77,1.0,0.3653,"(9, 1827, 1183, 2589)"
20220920_092744_77,1.0,0.3609,"(2712, 1755, 3171, 2171)"
20220920_092744_77,0.0,0.3573,"(1613, 1625, 1699, 1646)"
20220920_092744_77,0.0,0.3436,"(1253, 1851, 1305, 1909)"
20220920_092744_77,1.0,0.3107,"(2072, 1565, 2283, 1739)"
20220920_092744_77,0.0,0.281,"(2412, 1686, 2474, 1707)"
20220920_092744_77,0.0,0.2781,"(2725, 1962, 2749, 1980)"
20220920_092744_77,1.0,0.2669,"(1789, 1588, 2020, 1750)"
20220920_092744_77,1.0,0.2628,"(1212, 1704, 1733, 2102)"
20220915_172542_89,0.0,0.8846,"(769, 2016, 888, 2111)"
20220915_172542_89,0.0,0.8438,"(3867, 2511, 4032, 2693)"
20220915_172542_89,0.0,0.5977,"(1482, 1791, 1526, 1833)"
20220915_172542_89,1.0,0.4631,"(107, 1796, 942, 2379)"
20220915_172542_89,1.0,0.4326,"(3719, 2073, 4031, 2818)"
20220915_172542_89,0.0,0.306,"(1513, 1758, 1529, 1788)"
20220920_095422_97,0.0,0.8865,"(2973, 2106, 3155, 2218)"
20220920_095422_97,0.0,0.8782,"(2491, 1930, 2570, 1991)"
20220920_095422_97,0.0,0.7486,"(479, 1786, 585, 1814)"
20220920_095422_97,0.0,0.729,"(2213, 1804, 2264, 1844)"
20220920_095422_97,1.0,0.4303,"(2467, 1700, 2995, 2108)"
20220920_095422_97,1.0,0.4107,"(2916, 1682, 4008, 2409)"
20220920_095422_97,1.0,0.3615,"(3792, 1896, 4030, 2675)"
20220920_095422_97,1.0,0.3479,"(402, 1664, 762, 1870)"
20221117_134423_01,0.0,0.8618,"(1226, 1915, 1293, 1975)"
20221117_134423_01,0.0,0.8317,"(875, 2104, 1012, 2226)"
20221117_134423_01,0.0,0.5834,"(1672, 1752, 1706, 1785)"
20221117_134423_01,0.0,0.5824,"(1448, 1830, 1500, 1878)"
20221117_134423_01,1.0,0.4322,"(1279, 1713, 1514, 1950)"
20221117_134423_01,1.0,0.4269,"(922, 1734, 1302, 2044)"
20221117_134423_01,1.0,0.4235,"(165, 1878, 1048, 2426)"
20221117_134423_01,0.0,0.2517,"(1278, 1912, 1297, 1951)"
20221117_134426_21,0.0,0.8399,"(855, 2127, 1003, 2247)"
20221117_134426_21,0.0,0.8061,"(1448, 1903, 1503, 1960)"
20221117_134426_21,0.0,0.7516,"(0, 2506, 167, 2696)"
20221117_134426_21,1.0,0.4547,"(335, 1914, 1042, 2417)"
20221117_134426_21,0.0,0.4038,"(1608, 1791, 1642, 1829)"
20221117_134426_21,0.0,0.3917,"(2523, 1687, 2578, 1705)"
20221117_134426_21,1.0,0.3629,"(1046, 1780, 1512, 2062)"
20221117_134426_21,1.0,0.3195,"(0, 2017, 320, 2729)"
20221117_134426_21,0.0,0.3033,"(3820, 1678, 3867, 1697)"
20221117_134714_41,0.0,0.8515,"(3203, 1962, 3292, 2030)"
20221117_134714_41,0.0,0.789,"(3082, 1735, 3164, 1760)"
20221117_134714_41,0.0,0.7787,"(2731, 1757, 2808, 1782)"
20221117_134714_41,0.0,0.6831,"(1386, 1905, 1433, 1956)"
20221117_134714_41,1.0,0.5013,"(2585, 1652, 2877, 1835)"
20221117_134714_41,0.0,0.4553,"(921, 2084, 1030, 2188)"
20221117_134714_41,1.0,0.3896,"(2915, 1625, 3237, 1843)"
20221117_134714_41,1.0,0.3675,"(373, 1825, 1064, 2284)"
20221117_134714_41,1.0,0.2848,"(3180, 1840, 3469, 2087)"
20221117_134714_41,0.0,0.2827,"(853, 2090, 1032, 2214)"
20220920_093636_37,0.0,0.879,"(983, 1836, 1093, 1868)"
20220920_093636_37,0.0,0.8593,"(3263, 2433, 3467, 2671)"
20220920_093636_37,0.0,0.8444,"(1660, 1820, 1760, 1850)"
20220920_093636_37,0.0,0.8116,"(3638, 1782, 3730, 1810)"
20220920_093636_37,0.0,0.7152,"(576, 1834, 677, 1864)"
20220920_093636_37,0.0,0.6311,"(3123, 1808, 3228, 1838)"
20220920_093636_37,1.0,0.4391,"(905, 1591, 1333, 1933)"
20220920_093636_37,1.0,0.4347,"(1575, 1606, 1885, 1905)"
20220920_093636_37,1.0,0.379,"(3478, 1644, 3761, 1865)"
20220920_093636_37,1.0,0.3773,"(3194, 1914, 4032, 3036)"
20220920_093636_37,1.0,0.3638,"(504, 1647, 912, 1912)"
20220915_171913_59,0.0,0.7234,"(2537, 1805, 2576, 1844)"
20220915_171913_59,1.0,0.3564,"(2524, 1701, 2830, 1925)"
20220920_092825_87,0.0,0.8754,"(3266, 2066, 3384, 2154)"
20220920_092825_87,0.0,0.8643,"(1107, 1857, 1217, 1888)"
20220920_092825_87,1.0,0.459,"(1035, 1605, 1447, 1950)"
20220920_092825_87,1.0,0.4455,"(3232, 1750, 4020, 2315)"
20220915_171819_09,0.0,0.8705,"(2994, 2044, 3172, 2096)"
20220915_171819_09,1.0,0.4686,"(2625, 1800, 3303, 2178)"
20220920_095417_77,0.0,0.8926,"(3619, 2150, 3739, 2263)"
20220920_095417_77,0.0,0.882,"(1000, 1929, 1116, 1974)"
20220920_095417_77,0.0,0.8805,"(2471, 2013, 2645, 2062)"
20220920_095417_77,0.0,0.8049,"(1760, 1969, 1906, 2016)"
20220920_095417_77,0.0,0.6535,"(218, 1856, 292, 1889)"
20220920_095417_77,0.0,0.6421,"(576, 1885, 677, 1926)"
20220920_095417_77,1.0,0.4531,"(3576, 1871, 4031, 2469)"
20220920_095417_77,1.0,0.452,"(1648, 1557, 2246, 2052)"
20220920_095417_77,1.0,0.4424,"(2279, 1636, 2876, 2138)"
20220920_095417_77,1.0,0.4304,"(936, 1624, 1393, 2039)"
20220920_095417_77,1.0,0.3656,"(552, 1694, 950, 1990)"
20220920_095417_77,1.0,0.2858,"(190, 1673, 558, 1944)"
